"id_zone";"INSEE_C";"LIBGEO";"EPCI";"DEP";"REG";"loypredm2";"lwr.IPm2";"upr.IPm2";"TYPPRED";"nbobs_com";"nbobs_mail";"R2_adj"
"1011";"35103";"Eancé";"243500634";"35";"53";7,88620467080541;6,17670556012129;10,0688341874939;"maille";1;870;0,634308777519093
"1011";"35335";"Thourie";"243500634";"35";"53";7,88620467080541;6,17670556012129;10,0688341874939;"maille";6;870;0,634308777519093
"1011";"35332";"Teillay";"200070662";"35";"53";7,88620467080541;6,17670556012129;10,0688341874939;"maille";2;870;0,634308777519093
"1011";"35167";"Martigné-Ferchaud";"243500634";"35";"53";7,88620467080541;6,17670556012129;10,0688341874939;"maille";93;870;0,634308777519093
"1011";"35082";"Coësmes";"243500634";"35";"53";7,88620467080541;6,17670556012129;10,0688341874939;"maille";5;870;0,634308777519093
"1143";"35229";"Pocé-les-Bois";"200039022";"35";"53";8,23792485069991;6,63761249532629;10,2240686532339;"maille";3;479;0,701206042918256
"1143";"35006";"Argentré-du-Plessis";"200039022";"35";"53";8,23792485069991;6,63761249532629;10,2240686532339;"maille";77;479;0,701206042918256
"1143";"35008";"Availles-sur-Seiche";"200039022";"35";"53";8,23792485069991;6,63761249532629;10,2240686532339;"maille";9;479;0,701206042918256
"1143";"35097";"Domalain";"200039022";"35";"53";8,23792485069991;6,63761249532629;10,2240686532339;"maille";16;479;0,701206042918256
"1143";"35105";"Erbrée";"200039022";"35";"53";8,23792485069991;6,63761249532629;10,2240686532339;"maille";5;479;0,701206042918256
"1143";"35014";"Bais";"200039022";"35";"53";8,23792485069991;6,63761249532629;10,2240686532339;"maille";53;479;0,701206042918256
"1143";"35272";"Saint-Germain-du-Pinel";"200039022";"35";"53";8,23792485069991;6,63761249532629;10,2240686532339;"maille";6;479;0,701206042918256
"1143";"35194";"Montreuil-sous-Pérouse";"200039022";"35";"53";8,23792485069991;6,63761249532629;10,2240686532339;"maille";2;479;0,701206042918256
"1143";"35283";"Saint-Jean-sur-Vilaine";"200039022";"35";"53";8,23792485069991;6,63761249532629;10,2240686532339;"maille";28;479;0,701206042918256
"1143";"35252";"Saint-Aubin-des-Landes";"200039022";"35";"53";8,23792485069991;6,63761249532629;10,2240686532339;"maille";2;479;0,701206042918256
"1143";"35183";"Mondevert";"200039022";"35";"53";8,23792485069991;6,63761249532629;10,2240686532339;"maille";2;479;0,701206042918256
"1143";"35338";"Torcé";"200039022";"35";"53";8,23792485069991;6,63761249532629;10,2240686532339;"maille";3;479;0,701206042918256
"1143";"35125";"La Guerche-de-Bretagne";"200039022";"35";"53";8,76845255889683;7,05694396833585;10,8950504102919;"commune";211;479;0,701206042918256
"1143";"35161";"Louvigné-de-Bais";"200039022";"35";"53";8,23792485069991;6,63761249532629;10,2240686532339;"maille";39;479;0,701206042918256
"1143";"35200";"Moutiers";"200039022";"35";"53";8,23792485069991;6,63761249532629;10,2240686532339;"maille";14;479;0,701206042918256
"1143";"35119";"Gennes-sur-Seiche";"200039022";"35";"53";8,23792485069991;6,63761249532629;10,2240686532339;"maille";4;479;0,701206042918256
"1143";"35038";"Bréal-sous-Vitré";"200039022";"35";"53";8,23792485069991;6,63761249532629;10,2240686532339;"maille";5;479;0,701206042918256
"1147";"35221";"Pléchâtel";"200070662";"35";"53";10,0013138371991;8,57178194620907;11,6692513992832;"maille";3;606;0,714430869065531
"1147";"35312";"Saint-Senoux";"200043990";"35";"53";10,0013138371991;8,57178194620907;11,6692513992832;"maille";3;606;0,714430869065531
"1147";"35208";"Orgères";"243500139";"35";"53";11,2496591439525;9,64181892358291;13,1256178795864;"commune";113;606;0,714430869065531
"1147";"35218";"Le Petit-Fougeray";"200070662";"35";"53";10,0013138371991;8,57178194620907;11,6692513992832;"maille";2;606;0,714430869065531
"1147";"35363";"Pont-Péan";"243500139";"35";"53";11,1881238427344;9,59376128446474;13,0474494214337;"commune";149;606;0,714430869065531
"1147";"35054";"Chanteloup";"200070662";"35";"53";10,0013138371991;8,57178194620907;11,6692513992832;"maille";8;606;0,714430869065531
"1147";"35266";"Saint-Erblon";"243500139";"35";"53";11,6652635383332;9,99850215573341;13,6098758893336;"commune";135;606;0,714430869065531
"1147";"35231";"Poligné";"200070662";"35";"53";10,0013138371991;8,57178194620907;11,6692513992832;"maille";16;606;0,714430869065531
"1147";"35041";"Brie";"243500634";"35";"53";10,0013138371991;8,57178194620907;11,6692513992832;"maille";1;606;0,714430869065531
"1147";"35090";"Crevin";"200070662";"35";"53";10,0013138371991;8,57178194620907;11,6692513992832;"maille";57;606;0,714430869065531
"1147";"35212";"Pancé";"200070662";"35";"53";10,0013138371991;8,57178194620907;11,6692513992832;"maille";2;606;0,714430869065531
"1147";"35088";"Corps-Nuds";"243500139";"35";"53";10,0013138371991;8,57178194620907;11,6692513992832;"maille";54;606;0,714430869065531
"1147";"35250";"Saint-Armel";"243500139";"35";"53";10,0013138371991;8,57178194620907;11,6692513992832;"maille";63;606;0,714430869065531
"1242";"35352";"Vern-sur-Seiche";"243500139";"35";"53";11,5750910705319;10,0855941923415;13,2845651665072;"commune";246;908;0,730263052704519
"1242";"35206";"Noyal-Châtillon-sur-Seiche";"243500139";"35";"53";11,5913221312736;10,0980862204365;13,3053675536102;"commune";565;908;0,730263052704519
"1242";"35204";"Nouvoitou";"243500139";"35";"53";10,5636952874576;9,20021398623671;12,1292459385392;"maille";10;908;0,730263052704519
"1242";"35002";"Amanlis";"243500634";"35";"53";10,5636952874576;9,20021398623671;12,1292459385392;"maille";6;908;0,730263052704519
"1242";"35032";"Bourgbarré";"243500139";"35";"53";10,5636952874576;9,20021398623671;12,1292459385392;"maille";81;908;0,730263052704519
"1264";"35154";"Livré-sur-Changeon";"243500774";"35";"53";8,86439805471215;7,03337972499191;11,1720902247283;"maille";14;558;0,746821410195394
"1264";"35243";"Romagné";"200072452";"35";"53";8,86439805471215;7,03337972499191;11,1720902247283;"maille";28;558;0,746821410195394
"1264";"35118";"Gahard";"243500667";"35";"53";8,86439805471215;7,03337972499191;11,1720902247283;"maille";11;558;0,746821410195394
"1264";"35253";"Saint-Aubin-du-Cormier";"243500774";"35";"53";9,64592488689819;7,60333610199687;12,237242399326;"commune";147;558;0,746821410195394
"1264";"35282";"Rives-du-Couesnon";"200072452";"35";"53";8,86439805471215;7,03337972499191;11,1720902247283;"maille";7;558;0,746821410195394
"1264";"35152";"Liffré";"243500774";"35";"53";11,6088515765435;9,22291178905521;14,6120268748686;"commune";275;558;0,746821410195394
"1264";"35063";"La Chapelle-Saint-Aubert";"200072452";"35";"53";8,86439805471215;7,03337972499191;11,1720902247283;"maille";1;558;0,746821410195394
"1264";"35355";"Vieux-Vy-sur-Couesnon";"243500667";"35";"53";8,86439805471215;7,03337972499191;11,1720902247283;"maille";3;558;0,746821410195394
"1264";"35025";"Billé";"200072452";"35";"53";8,86439805471215;7,03337972499191;11,1720902247283;"maille";4;558;0,746821410195394
"1264";"35347";"Val-d'Izé";"200039022";"35";"53";8,86439805471215;7,03337972499191;11,1720902247283;"maille";21;558;0,746821410195394
"1264";"35324";"La Selle-en-Luitré";"200072452";"35";"53";8,86439805471215;7,03337972499191;11,1720902247283;"maille";2;558;0,746821410195394
"1264";"35137";"Javené";"200072452";"35";"53";8,86439805471215;7,03337972499191;11,1720902247283;"maille";14;558;0,746821410195394
"1264";"35304";"Saint-Ouen-des-Alleux";"200072452";"35";"53";8,86439805471215;7,03337972499191;11,1720902247283;"maille";8;558;0,746821410195394
"1264";"35101";"Dourdain";"243500774";"35";"53";8,86439805471215;7,03337972499191;11,1720902247283;"maille";8;558;0,746821410195394
"1264";"35178";"Mézières-sur-Couesnon";"243500774";"35";"53";8,86439805471215;7,03337972499191;11,1720902247283;"maille";15;558;0,746821410195394
"1264";"35336";"Le Tiercent";"200070688";"35";"53";8,86439805471215;7,03337972499191;11,1720902247283;"maille";0;558;0,746821410195394
"1314";"35189";"Montgermont";"243500139";"35";"53";11,8901469470916;10,0677462437325;14,0424272722847;"commune";159;567;0,777020850143143
"1314";"35278";"Saint-Grégoire";"243500139";"35";"53";12,3389152201052;10,5159134290781;14,4779461941892;"commune";408;567;0,777020850143143
"1349";"35273";"Saint-Germain-en-Coglès";"200070688";"35";"53";7,90114169564498;6,24687948085023;9,99347598845671;"maille";25;2191;0,693691238051072
"1349";"35280";"Saint-Hilaire-des-Landes";"200070688";"35";"53";7,90114169564498;6,24687948085023;9,99347598845671;"maille";6;2191;0,693691238051072
"1349";"35115";"Fougères";"200072452";"35";"53";9,50817639428347;7,51818483522287;12,0248996700983;"commune";2042;2191;0,693691238051072
"1349";"35357";"Villamée";"200072452";"35";"53";7,90114169564498;6,24687948085023;9,99347598845671;"maille";1;2191;0,693691238051072
"1349";"35191";"Les Portes du Coglais";"200070688";"35";"53";7,90114169564498;6,24687948085023;9,99347598845671;"maille";15;2191;0,693691238051072
"1349";"35062";"La Chapelle-Fleurigné";"200072452";"35";"53";7,90114169564498;6,24687948085023;9,99347598845671;"maille";3;2191;0,693691238051072
"1349";"35071";"Le Châtellier";"200070688";"35";"53";7,90114169564498;6,24687948085023;9,99347598845671;"maille";0;2191;0,693691238051072
"1349";"35192";"Montreuil-des-Landes";"200039022";"35";"53";7,90114169564498;6,24687948085023;9,99347598845671;"maille";6;2191;0,693691238051072
"1349";"35150";"Lécousse";"200072452";"35";"53";7,90114169564498;6,24687948085023;9,99347598845671;"maille";33;2191;0,693691238051072
"1349";"35021";"Beaucé";"200072452";"35";"53";7,90114169564498;6,24687948085023;9,99347598845671;"maille";0;2191;0,693691238051072
"1349";"35230";"Poilley";"200072452";"35";"53";7,90114169564498;6,24687948085023;9,99347598845671;"maille";0;2191;0,693691238051072
"1349";"35292";"Saint-Marc-le-Blanc";"200070688";"35";"53";7,90114169564498;6,24687948085023;9,99347598845671;"maille";8;2191;0,693691238051072
"1349";"35163";"Luitré-Dompierre";"200072452";"35";"53";7,90114169564498;6,24687948085023;9,99347598845671;"maille";15;2191;0,693691238051072
"1349";"35086";"Combourtillé";"200072452";"35";"53";7,90114169564498;6,24687948085023;9,99347598845671;"maille";5;2191;0,693691238051072
"1349";"35142";"Landéan";"200072452";"35";"53";7,90114169564498;6,24687948085023;9,99347598845671;"maille";8;2191;0,693691238051072
"1349";"35215";"Parigné";"200072452";"35";"53";7,90114169564498;6,24687948085023;9,99347598845671;"maille";6;2191;0,693691238051072
"1349";"35214";"Parcé";"200072452";"35";"53";7,90114169564498;6,24687948085023;9,99347598845671;"maille";4;2191;0,693691238051072
"1349";"35260";"Saint-Christophe-des-Bois";"200039022";"35";"53";7,90114169564498;6,24687948085023;9,99347598845671;"maille";3;2191;0,693691238051072
"1349";"35170";"Mecé";"200039022";"35";"53";7,90114169564498;6,24687948085023;9,99347598845671;"maille";1;2191;0,693691238051072
"1349";"35310";"Saint-Sauveur-des-Landes";"200072452";"35";"53";7,90114169564498;6,24687948085023;9,99347598845671;"maille";5;2191;0,693691238051072
"1349";"35018";"La Bazouge-du-Désert";"200072452";"35";"53";7,90114169564498;6,24687948085023;9,99347598845671;"maille";2;2191;0,693691238051072
"1386";"35181";"Le Minihic-sur-Rance";"243500725";"35";"53";11,0408703470758;8,96741249618529;13,5937560665124;"maille";2;644;0,768233394541153
"1386";"35241";"La Richardais";"243500725";"35";"53";11,0408703470758;8,96741249618529;13,5937560665124;"maille";35;644;0,768233394541153
"1386";"35228";"Pleurtuit";"243500725";"35";"53";11,3806176034136;9,29076160291172;13,9405640323972;"commune";244;644;0,768233394541153
"1386";"35256";"Saint-Briac-sur-Mer";"243500725";"35";"53";11,0408703470758;8,96741249618529;13,5937560665124;"maille";7;644;0,768233394541153
"1386";"35287";"Saint-Lunaire";"243500725";"35";"53";11,0408703470758;8,96741249618529;13,5937560665124;"maille";15;644;0,768233394541153
"1386";"35093";"Dinard";"243500725";"35";"53";13,236526924793;10,7873379212367;16,2417870201181;"commune";302;644;0,768233394541153
"1395";"35330";"Taillis";"200039022";"35";"53";7,16071083608019;5,84624107525666;8,77072618420978;"maille";0;570;0,83634661646412
"1395";"35015";"Balazé";"200039022";"35";"53";7,16071083608019;5,84624107525666;8,77072618420978;"maille";20;570;0,83634661646412
"1395";"35157";"Le Loroux";"200072452";"35";"53";7,16071083608019;5,84624107525666;8,77072618420978;"maille";11;570;0,83634661646412
"1395";"35232";"Princé";"200039022";"35";"53";7,16071083608019;5,84624107525666;8,77072618420978;"maille";4;570;0,83634661646412
"1395";"35052";"Champeaux";"200039022";"35";"53";7,16071083608019;5,84624107525666;8,77072618420978;"maille";1;570;0,83634661646412
"1395";"35138";"Laignelet";"200072452";"35";"53";7,16071083608019;5,84624107525666;8,77072618420978;"maille";0;570;0,83634661646412
"1395";"35072";"Châtillon-en-Vendelais";"200039022";"35";"53";7,16071083608019;5,84624107525666;8,77072618420978;"maille";13;570;0,83634661646412
"1395";"35141";"Landavran";"200039022";"35";"53";7,16071083608019;5,84624107525666;8,77072618420978;"maille";0;570;0,83634661646412
"1395";"35068";"Châteaubourg";"200039022";"35";"53";10,4460600241774;8,52437459568101;12,8009590385674;"commune";262;570;0,83634661646412
"1395";"35166";"Marpiré";"200039022";"35";"53";7,16071083608019;5,84624107525666;8,77072618420978;"maille";4;570;0,83634661646412
"1410";"35186";"Mont-Dol";"200070670";"35";"53";10,6090327319379;8,37546970363919;13,4382404199284;"maille";2;2400;0,711219694283223
"1410";"35122";"La Gouesnière";"243500782";"35";"53";10,6090327319379;8,37546970363919;13,4382404199284;"maille";17;2400;0,711219694283223
"1410";"35314";"Saint-Suliac";"243500782";"35";"53";10,6090327319379;8,37546970363919;13,4382404199284;"maille";0;2400;0,711219694283223
"1410";"35288";"Saint-Malo";"243500782";"35";"53";12,4805462231051;9,85618541783758;15,8036834154077;"commune";2058;2400;0,711219694283223
"1410";"35284";"Saint-Jouan-des-Guérets";"243500782";"35";"53";10,6090327319379;8,37546970363919;13,4382404199284;"maille";53;2400;0,711219694283223
"1410";"35049";"Cancale";"243500782";"35";"53";10,9395809475964;8,63279815052593;13,8627625970523;"commune";117;2400;0,711219694283223
"1410";"35361";"Le Vivier-sur-Mer";"200070670";"35";"53";10,6090327319379;8,37546970363919;13,4382404199284;"maille";9;2400;0,711219694283223
"1410";"35255";"Saint-Benoît-des-Ondes";"243500782";"35";"53";10,6090327319379;8,37546970363919;13,4382404199284;"maille";6;2400;0,711219694283223
"1410";"35306";"Saint-Père-Marc-en-Poulet";"243500782";"35";"53";10,6090327319379;8,37546970363919;13,4382404199284;"maille";6;2400;0,711219694283223
"1410";"35358";"La Ville-ès-Nonais";"243500782";"35";"53";10,6090327319379;8,37546970363919;13,4382404199284;"maille";2;2400;0,711219694283223
"1410";"35299";"Saint-Méloir-des-Ondes";"243500782";"35";"53";10,6090327319379;8,37546970363919;13,4382404199284;"maille";79;2400;0,711219694283223
"1410";"35263";"Saint-Coulomb";"243500782";"35";"53";10,6090327319379;8,37546970363919;13,4382404199284;"maille";33;2400;0,711219694283223
"1410";"35132";"Hirel";"243500782";"35";"53";10,6090327319379;8,37546970363919;13,4382404199284;"maille";0;2400;0,711219694283223
"1429";"35013";"Bains-sur-Oust";"243500741";"35";"53";8,61569504462615;6,80577074531393;10,9069499811034;"maille";30;1071;0,667184318277592
"1429";"35236";"Redon";"243500741";"35";"53";9,54846556859434;7,54338693157644;12,0865064382397;"commune";582;1071;0,667184318277592
"1429";"35294";"Sainte-Marie";"243500741";"35";"53";8,61569504462615;6,80577074531393;10,9069499811034;"maille";10;1071;0,667184318277592
"1449";"35233";"Québriac";"243500733";"35";"53";9,14847019146132;7,72594606180008;10,8329136877971;"maille";6;510;0,784814732311408
"1449";"35326";"Sens-de-Bretagne";"243500667";"35";"53";9,14847019146132;7,72594606180008;10,8329136877971;"maille";46;510;0,784814732311408
"1449";"35274";"Saint-Germain-sur-Ille";"243500667";"35";"53";9,14847019146132;7,72594606180008;10,8329136877971;"maille";0;510;0,784814732311408
"1449";"35110";"Feins";"243500667";"35";"53";9,14847019146132;7,72594606180008;10,8329136877971;"maille";2;510;0,784814732311408
"1449";"35244";"Romazy";"200070688";"35";"53";9,14847019146132;7,72594606180008;10,8329136877971;"maille";12;510;0,784814732311408
"1449";"35148";"Lanrigan";"243500733";"35";"53";9,14847019146132;7,72594606180008;10,8329136877971;"maille";0;510;0,784814732311408
"1449";"35251";"Saint-Aubin-d'Aubigné";"243500667";"35";"53";10,2744266957444;8,68369994210174;12,1565513122365;"commune";164;510;0,784814732311408
"1449";"35094";"Dingé";"243500733";"35";"53";9,14847019146132;7,72594606180008;10,8329136877971;"maille";4;510;0,784814732311408
"1449";"35173";"Melesse";"243500667";"35";"53";11,2308363044075;9,48087071413365;13,3038080466983;"commune";219;510;0,784814732311408
"1449";"35286";"Saint-Léger-des-Prés";"243500733";"35";"53";9,14847019146132;7,72594606180008;10,8329136877971;"maille";0;510;0,784814732311408
"1449";"35003";"Andouillé-Neuville";"243500667";"35";"53";9,14847019146132;7,72594606180008;10,8329136877971;"maille";10;510;0,784814732311408
"1449";"35195";"Montreuil-sur-Ille";"243500667";"35";"53";9,14847019146132;7,72594606180008;10,8329136877971;"maille";47;510;0,784814732311408
"1487";"35146";"Langouet";"243500667";"35";"53";9,38737774443351;7,69373621885152;11,4538448433887;"maille";0;484;0,713633970824726
"1487";"35135";"Irodouër";"200038990";"35";"53";9,38737774443351;7,69373621885152;11,4538448433887;"maille";56;484;0,713633970824726
"1487";"35144";"Langan";"243500139";"35";"53";9,38737774443351;7,69373621885152;11,4538448433887;"maille";20;484;0,713633970824726
"1487";"35017";"La Baussaine";"243500733";"35";"53";9,38737774443351;7,69373621885152;11,4538448433887;"maille";12;484;0,713633970824726
"1487";"35318";"Saint-Thual";"243500733";"35";"53";9,38737774443351;7,69373621885152;11,4538448433887;"maille";3;484;0,713633970824726
"1487";"35265";"Saint-Domineuc";"243500733";"35";"53";9,38737774443351;7,69373621885152;11,4538448433887;"maille";58;484;0,713633970824726
"1487";"35337";"Tinténiac";"243500733";"35";"53";10,8815201756182;8,89804703086245;13,307131432515;"commune";128;484;0,713633970824726
"1487";"35156";"Longaulnay";"243500733";"35";"53";9,38737774443351;7,69373621885152;11,4538448433887;"maille";1;484;0,713633970824726
"1487";"35022";"Bécherel";"243500139";"35";"53";9,38737774443351;7,69373621885152;11,4538448433887;"maille";32;484;0,713633970824726
"1487";"35346";"Trimer";"243500733";"35";"53";9,38737774443351;7,69373621885152;11,4538448433887;"maille";0;484;0,713633970824726
"1487";"35245";"Romillé";"243500139";"35";"53";10,3329664417442;8,46902398493673;12,6071428863722;"commune";124;484;0,713633970824726
"1487";"35307";"Saint-Pern";"200038990";"35";"53";9,38737774443351;7,69373621885152;11,4538448433887;"maille";1;484;0,713633970824726
"1487";"35171";"Médréac";"200038990";"35";"53";9,38737774443351;7,69373621885152;11,4538448433887;"maille";40;484;0,713633970824726
"1487";"35143";"Landujan";"200038990";"35";"53";9,38737774443351;7,69373621885152;11,4538448433887;"maille";5;484;0,713633970824726
"1487";"35056";"La Chapelle-aux-Filtzméens";"243500733";"35";"53";9,38737774443351;7,69373621885152;11,4538448433887;"maille";0;484;0,713633970824726
"1487";"35180";"Miniac-sous-Bécherel";"243500139";"35";"53";9,38737774443351;7,69373621885152;11,4538448433887;"maille";1;484;0,713633970824726
"1528";"35064";"La Chapelle-de-Brain";"243500741";"35";"53";9,26915082553405;7,275990633478;11,808310559277;"maille";2;586;0,672765576434636
"1528";"35124";"Grand-Fougeray";"200070662";"35";"53";9,26915082553405;7,275990633478;11,808310559277;"maille";48;586;0,672765576434636
"1528";"35145";"Langon";"243500741";"35";"53";9,26915082553405;7,275990633478;11,808310559277;"maille";14;586;0,672765576434636
"1528";"35012";"Bain-de-Bretagne";"200070662";"35";"53";11,4061421668157;8,95065601609272;14,5352562868798;"commune";365;586;0,672765576434636
"1528";"35316";"Saint-Sulpice-des-Landes";"200070662";"35";"53";9,26915082553405;7,275990633478;11,808310559277;"maille";17;586;0,672765576434636
"1528";"35140";"Lalleu";"200070662";"35";"53";9,26915082553405;7,275990633478;11,808310559277;"maille";0;586;0,672765576434636
"1528";"35106";"Ercé-en-Lamée";"200070662";"35";"53";9,26915082553405;7,275990633478;11,808310559277;"maille";2;586;0,672765576434636
"1528";"35249";"Sainte-Anne-sur-Vilaine";"200070662";"35";"53";9,26915082553405;7,275990633478;11,808310559277;"maille";3;586;0,672765576434636
"1535";"35096";"Domagné";"200039022";"35";"53";10,7216183268234;9,18344193779737;12,5174308635796;"maille";46;561;0,791614406974303
"1535";"35264";"Saint-Didier";"200039022";"35";"53";10,7216183268234;9,18344193779737;12,5174308635796;"maille";29;561;0,791614406974303
"1535";"35207";"Noyal-sur-Vilaine";"243500659";"35";"53";12,0123577274762;10,280685686443;14,0357114859703;"commune";320;561;0,791614406974303
"1535";"35031";"La Bouëxière";"243500774";"35";"53";10,7216183268234;9,18344193779737;12,5174308635796;"maille";77;561;0,791614406974303
"1535";"35327";"Servon-sur-Vilaine";"243500659";"35";"53";10,7216183268234;9,18344193779737;12,5174308635796;"maille";70;561;0,791614406974303
"1535";"35039";"Brécé";"243500139";"35";"53";10,7216183268234;9,18344193779737;12,5174308635796;"maille";17;561;0,791614406974303
"1535";"35087";"Cornillé";"200039022";"35";"53";10,7216183268234;9,18344193779737;12,5174308635796;"maille";2;561;0,791614406974303
"1537";"35023";"Bédée";"243500550";"35";"53";10,0445329152477;8,61361657467519;11,7131567920178;"maille";81;509;0,775757589635922
"1537";"35275";"Saint-Gilles";"243500139";"35";"53";11,2733681702696;9,66674573958146;13,1470127927406;"commune";153;509;0,775757589635922
"1537";"35203";"La Nouaye";"243500550";"35";"53";10,0445329152477;8,61361657467519;11,7131567920178;"maille";0;509;0,775757589635922
"1537";"35081";"Clayes";"243500139";"35";"53";10,0445329152477;8,61361657467519;11,7131567920178;"maille";0;509;0,775757589635922
"1537";"35216";"Parthenay-de-Bretagne";"243500139";"35";"53";10,0445329152477;8,61361657467519;11,7131567920178;"maille";23;509;0,775757589635922
"1537";"35227";"Pleumeleuc";"243500550";"35";"53";10,0445329152477;8,61361657467519;11,7131567920178;"maille";81;509;0,775757589635922
"1537";"35060";"La Chapelle du Lou du Lac";"200038990";"35";"53";10,0445329152477;8,61361657467519;11,7131567920178;"maille";7;509;0,775757589635922
"1537";"35131";"L'Hermitage";"243500139";"35";"53";11,2869602802019;9,67334010269508;13,1697501601709;"commune";164;509;0,775757589635922
"1759";"35055";"Chantepie";"243500139";"35";"53";12,1291663225142;10,2516633177269;14,350517678904;"commune";794;1151;0,766558675879541
"1759";"35099";"Domloup";"243500659";"35";"53";11,3318455107583;9,58425706477282;13,3980883246203;"maille";69;1151;0,766558675879541
"1759";"35069";"Châteaugiron";"243500659";"35";"53";11,1085242498385;9,39476013983515;13,1349080947814;"commune";288;1151;0,766558675879541
"1810";"35315";"Saint-Sulpice-la-Forêt";"243500139";"35";"53";9,18856564802815;7,78488145567134;10,8453467337791;"maille";6;721;0,774651070220288
"1810";"35197";"Mouazé";"243500667";"35";"53";9,18856564802815;7,78488145567134;10,8453467337791;"maille";4;721;0,774651070220288
"1810";"35121";"Gosné";"243500774";"35";"53";9,18856564802815;7,78488145567134;10,8453467337791;"maille";59;721;0,774651070220288
"1810";"35107";"Ercé-près-Liffré";"243500774";"35";"53";9,18856564802815;7,78488145567134;10,8453467337791;"maille";12;721;0,774651070220288
"1810";"35024";"Betton";"243500139";"35";"53";11,1941718790893;9,49167749994238;13,202037686105;"commune";606;721;0,774651070220288
"1810";"35067";"Chasné-sur-Illet";"243500774";"35";"53";9,18856564802815;7,78488145567134;10,8453467337791;"maille";2;721;0,774651070220288
"1810";"35079";"Chevaigné";"243500139";"35";"53";9,18856564802815;7,78488145567134;10,8453467337791;"maille";32;721;0,774651070220288
"1842";"35059";"La Chapelle-des-Fougeretz";"243500139";"35";"53";11,4824912170439;9,97447541269581;13,2185001310114;"commune";183;659;0,74525437088293
"1842";"35210";"Pacé";"243500139";"35";"53";11,5841549567241;10,0728052825601;13,3222714325408;"commune";476;659;0,74525437088293
"1923";"35001";"Acigné";"243500139";"35";"53";11,5202182100455;9,88167984389299;13,4304520793682;"commune";299;1446;0,71118162910871
"1923";"35334";"Thorigné-Fouillard";"243500139";"35";"53";11,4709061867591;9,83735052397345;13,3757243299166;"commune";298;1446;0,71118162910871
"1923";"35051";"Cesson-Sévigné";"243500139";"35";"53";12,4929686713274;10,7203811080416;14,558649048931;"commune";849;1446;0,71118162910871
"1930";"35240";"Le Rheu";"243500139";"35";"53";11,4762468639014;9,91009283832208;13,2899100169789;"commune";500;909;0,743317877197625
"1930";"35353";"Vezin-le-Coquet";"243500139";"35";"53";12,0009827209644;10,353028844499;13,9112513286788;"commune";276;909;0,743317877197625
"1930";"35076";"Chavagne";"243500139";"35";"53";11,1405589615374;9,58236423680197;12,9521327835595;"commune";133;909;0,743317877197625
"1977";"35281";"Saint-Jacques-de-la-Lande";"243500139";"35";"53";12,3748778707715;9,29283301543698;16,4791083690111;"commune";829;16286;0,683665646240873
"1977";"35238";"Rennes";"243500139";"35";"53";13,8565715406932;10,4232245790502;18,4208421689639;"commune";15457;16286;0,683665646240873
"2038";"35066";"Chartres-de-Bretagne";"243500139";"35";"53";11,3255469487724;9,71748396230712;13,1997144720158;"commune";499;1563;0,662724083623474
"2038";"35047";"Bruz";"243500139";"35";"53";11,2844437548346;9,68256884204877;13,1513313185058;"commune";1064;1563;0,662724083623474
"215";"35242";"Rimou";"200070688";"35";"53";7,856032278998;6,26061546328647;9,85801532302712;"maille";8;514;0,761842266442022
"215";"35291";"Saint-Marcan";"200070670";"35";"53";7,856032278998;6,26061546328647;9,85801532302712;"maille";2;514;0,761842266442022
"215";"35354";"Vieux-Viel";"200070670";"35";"53";7,856032278998;6,26061546328647;9,85801532302712;"maille";2;514;0,761842266442022
"215";"35004";"Val-Couesnon";"200070688";"35";"53";7,856032278998;6,26061546328647;9,85801532302712;"maille";42;514;0,761842266442022
"215";"35257";"Maen Roch";"200070688";"35";"53";7,856032278998;6,26061546328647;9,85801532302712;"maille";85;514;0,761842266442022
"215";"35164";"Marcillé-Raoul";"200070688";"35";"53";7,856032278998;6,26061546328647;9,85801532302712;"maille";0;514;0,761842266442022
"215";"35222";"Pleine-Fougères";"200070670";"35";"53";7,856032278998;6,26061546328647;9,85801532302712;"maille";20;514;0,761842266442022
"215";"35261";"Saint-Christophe-de-Valains";"200072452";"35";"53";7,856032278998;6,26061546328647;9,85801532302712;"maille";0;514;0,761842266442022
"215";"35092";"Cuguen";"243500733";"35";"53";7,856032278998;6,26061546328647;9,85801532302712;"maille";3;514;0,761842266442022
"215";"35309";"Saint-Rémy-du-Plain";"200070688";"35";"53";7,856032278998;6,26061546328647;9,85801532302712;"maille";0;514;0,761842266442022
"215";"35075";"Chauvigné";"200070688";"35";"53";7,856032278998;6,26061546328647;9,85801532302712;"maille";9;514;0,761842266442022
"215";"35205";"Noyal-sous-Bazouges";"200070688";"35";"53";7,856032278998;6,26061546328647;9,85801532302712;"maille";1;514;0,761842266442022
"215";"35248";"Sains";"200070670";"35";"53";7,856032278998;6,26061546328647;9,85801532302712;"maille";0;514;0,761842266442022
"215";"35270";"Saint-Georges-de-Gréhaigne";"200070670";"35";"53";7,856032278998;6,26061546328647;9,85801532302712;"maille";5;514;0,761842266442022
"215";"35085";"Combourg";"243500733";"35";"53";9,67419144850182;7,70572157028323;12,145518019129;"commune";166;514;0,761842266442022
"215";"35029";"Bonnemain";"243500733";"35";"53";7,856032278998;6,26061546328647;9,85801532302712;"maille";3;514;0,761842266442022
"215";"35172";"Meillac";"243500733";"35";"53";7,856032278998;6,26061546328647;9,85801532302712;"maille";22;514;0,761842266442022
"269";"35010";"Baguer-Pican";"200070670";"35";"53";9,583583214575;7,64221185051664;12,0181262999762;"maille";14;635;0,644711878579956
"269";"35279";"Saint-Guinoux";"243500782";"35";"53";9,583583214575;7,64221185051664;12,0181262999762;"maille";1;635;0,644711878579956
"269";"35078";"Cherrueix";"200070670";"35";"53";9,583583214575;7,64221185051664;12,0181262999762;"maille";2;635;0,644711878579956
"269";"35153";"Lillemer";"243500782";"35";"53";9,583583214575;7,64221185051664;12,0181262999762;"maille";0;635;0,644711878579956
"269";"35362";"Le Tronchet";"243500782";"35";"53";9,583583214575;7,64221185051664;12,0181262999762;"maille";0;635;0,644711878579956
"269";"35225";"Plesder";"243500733";"35";"53";9,583583214575;7,64221185051664;12,0181262999762;"maille";10;635;0,644711878579956
"269";"35095";"Dol-de-Bretagne";"200070670";"35";"53";10,4738167906712;8,38543927911783;13,0823007016141;"commune";328;635;0,644711878579956
"269";"35226";"Pleugueneuc";"243500733";"35";"53";9,583583214575;7,64221185051664;12,0181262999762;"maille";29;635;0,644711878579956
"269";"35342";"Trémeheuc";"243500733";"35";"53";9,583583214575;7,64221185051664;12,0181262999762;"maille";1;635;0,644711878579956
"269";"35224";"Plerguer";"243500782";"35";"53";9,583583214575;7,64221185051664;12,0181262999762;"maille";35;635;0,644711878579956
"269";"35246";"Roz-Landrieux";"200070670";"35";"53";9,583583214575;7,64221185051664;12,0181262999762;"maille";4;635;0,644711878579956
"269";"35070";"Châteauneuf-d'Ille-et-Vilaine";"243500782";"35";"53";9,583583214575;7,64221185051664;12,0181262999762;"maille";81;635;0,644711878579956
"269";"35159";"Lourmais";"243500733";"35";"53";9,583583214575;7,64221185051664;12,0181262999762;"maille";0;635;0,644711878579956
"269";"35104";"Epiniac";"200070670";"35";"53";9,583583214575;7,64221185051664;12,0181262999762;"maille";4;635;0,644711878579956
"269";"35009";"Baguer-Morvan";"200070670";"35";"53";9,583583214575;7,64221185051664;12,0181262999762;"maille";15;635;0,644711878579956
"269";"35116";"La Fresnais";"243500782";"35";"53";9,583583214575;7,64221185051664;12,0181262999762;"maille";20;635;0,644711878579956
"269";"35345";"Trévérien";"243500733";"35";"53";9,583583214575;7,64221185051664;12,0181262999762;"maille";5;635;0,644711878579956
"269";"35308";"Mesnil-Roc'h";"243500733";"35";"53";9,583583214575;7,64221185051664;12,0181262999762;"maille";40;635;0,644711878579956
"269";"35179";"Miniac-Morvan";"243500782";"35";"53";9,583583214575;7,64221185051664;12,0181262999762;"maille";43;635;0,644711878579956
"277";"35077";"Chelun";"243500634";"35";"53";8,51129524891303;6,70209794632449;10,8088761749442;"maille";4;580;0,600245310032563
"277";"35114";"Forges-la-Forêt";"243500634";"35";"53";8,51129524891303;6,70209794632449;10,8088761749442;"maille";0;580;0,600245310032563
"336";"35239";"Retiers";"243500634";"35";"53";8,71510605930911;6,75467060991859;11,2445266410884;"commune";141;573;0,63466012150643
"336";"35325";"La Selle-Guerchaise";"200039022";"35";"53";6,43218340085465;4,98128272801683;8,30568862705405;"maille";0;573;0,63466012150643
"336";"35235";"Rannée";"200039022";"35";"53";6,43218340085465;4,98128272801683;8,30568862705405;"maille";3;573;0,63466012150643
"336";"35102";"Drouges";"200039022";"35";"53";6,43218340085465;4,98128272801683;8,30568862705405;"maille";0;573;0,63466012150643
"463";"35042";"Brielles";"200039022";"35";"53";7,40591547984917;5,79313515468602;9,46768591274862;"maille";5;498;0,735118666262782
"463";"35217";"Le Pertre";"200039022";"35";"53";7,40591547984917;5,79313515468602;9,46768591274862;"maille";33;498;0,735118666262782
"636";"35098";"La Dominelais";"200070662";"35";"53";9,33742360590184;7,56583947646334;11,5238341848628;"maille";5;477;0,689216708401899
"636";"35033";"Bourg-des-Comptes";"200043990";"35";"53";9,33742360590184;7,56583947646334;11,5238341848628;"maille";64;477;0,689216708401899
"636";"35016";"Baulon";"200043990";"35";"53";9,33742360590184;7,56583947646334;11,5238341848628;"maille";30;477;0,689216708401899
"636";"35202";"La Noë-Blanche";"200070662";"35";"53";9,33742360590184;7,56583947646334;11,5238341848628;"maille";5;477;0,689216708401899
"636";"35139";"Laillé";"243500139";"35";"53";9,33742360590184;7,56583947646334;11,5238341848628;"maille";68;477;0,689216708401899
"636";"35126";"Guichen";"200043990";"35";"53";10,4610153597471;8,46806829599651;12,9229995002051;"commune";150;477;0,689216708401899
"636";"35127";"Guignen";"200043990";"35";"53";9,33742360590184;7,56583947646334;11,5238341848628;"maille";45;477;0,689216708401899
"636";"35289";"Saint-Malo-de-Phily";"200043990";"35";"53";9,33742360590184;7,56583947646334;11,5238341848628;"maille";5;477;0,689216708401899
"636";"35176";"Guipry-Messac";"200043990";"35";"53";9,01205109390794;7,3040115955164;11,1195147840486;"commune";105;477;0,689216708401899
"659";"35035";"Bovel";"200043990";"35";"53";8,38324137008357;6,71178855139035;10,4709400975575;"maille";0;478;0,621882788568872
"659";"35057";"La Chapelle-Bouëxic";"200043990";"35";"53";8,38324137008357;6,71178855139035;10,4709400975575;"maille";36;478;0,621882788568872
"659";"35151";"Lieuron";"243500741";"35";"53";8,38324137008357;6,71178855139035;10,4709400975575;"maille";0;478;0,621882788568872
"659";"35223";"Plélan-le-Grand";"243500618";"35";"53";8,38324137008357;6,71178855139035;10,4709400975575;"maille";62;478;0,621882788568872
"659";"35169";"Maxent";"243500618";"35";"53";8,38324137008357;6,71178855139035;10,4709400975575;"maille";16;478;0,621882788568872
"659";"35160";"Loutehel";"200043990";"35";"53";8,38324137008357;6,71178855139035;10,4709400975575;"maille";2;478;0,621882788568872
"659";"35168";"Val d'Anast";"200043990";"35";"53";8,38324137008357;6,71178855139035;10,4709400975575;"maille";57;478;0,621882788568872
"659";"35219";"Pipriac";"243500741";"35";"53";8,38324137008357;6,71178855139035;10,4709400975575;"maille";82;478;0,621882788568872
"659";"35175";"Mernel";"200043990";"35";"53";8,38324137008357;6,71178855139035;10,4709400975575;"maille";1;478;0,621882788568872
"659";"35155";"Lohéac";"200043990";"35";"53";8,38324137008357;6,71178855139035;10,4709400975575;"maille";2;478;0,621882788568872
"777";"35034";"La Boussac";"200070670";"35";"53";7,27813890734302;5,65310150304131;9,37030865730648;"maille";10;852;0,637234365750698
"777";"35190";"Monthault";"200072452";"35";"53";7,27813890734302;5,65310150304131;9,37030865730648;"maille";4;852;0,637234365750698
"777";"35019";"Bazouges-la-Pérouse";"200070688";"35";"53";7,27813890734302;5,65310150304131;9,37030865730648;"maille";16;852;0,637234365750698
"777";"35329";"Sougeal";"200070670";"35";"53";7,27813890734302;5,65310150304131;9,37030865730648;"maille";1;852;0,637234365750698
"777";"35174";"Mellé";"200072452";"35";"53";7,27813890734302;5,65310150304131;9,37030865730648;"maille";0;852;0,637234365750698
"777";"35111";"Le Ferré";"200072452";"35";"53";7,27813890734302;5,65310150304131;9,37030865730648;"maille";2;852;0,637234365750698
"777";"35339";"Trans-la-Forêt";"200070670";"35";"53";7,27813890734302;5,65310150304131;9,37030865730648;"maille";4;852;0,637234365750698
"777";"35271";"Saint-Georges-de-Reintembault";"200072452";"35";"53";7,27813890734302;5,65310150304131;9,37030865730648;"maille";13;852;0,637234365750698
"777";"35247";"Roz-sur-Couesnon";"200070670";"35";"53";7,27813890734302;5,65310150304131;9,37030865730648;"maille";15;852;0,637234365750698
"777";"35259";"Saint-Broladre";"200070670";"35";"53";7,27813890734302;5,65310150304131;9,37030865730648;"maille";23;852;0,637234365750698
"777";"35162";"Louvigné-du-Désert";"200072452";"35";"53";7,27813890734302;5,65310150304131;9,37030865730648;"maille";50;852;0,637234365750698
"777";"35044";"Broualan";"200070670";"35";"53";7,27813890734302;5,65310150304131;9,37030865730648;"maille";9;852;0,637234365750698
"804";"35187";"Monterfil";"243500618";"35";"53";10,0836325799016;8,7247414321501;11,6541729972386;"maille";2;598;0,776242657374451
"804";"35123";"Goven";"200043990";"35";"53";10,0836325799016;8,7247414321501;11,6541729972386;"maille";67;598;0,776242657374451
"804";"35040";"Breteil";"243500550";"35";"53";10,0836325799016;8,7247414321501;11,6541729972386;"maille";57;598;0,776242657374451
"804";"35351";"Le Verger";"243500139";"35";"53";10,0836325799016;8,7247414321501;11,6541729972386;"maille";3;598;0,776242657374451
"804";"35149";"Lassy";"200043990";"35";"53";10,0836325799016;8,7247414321501;11,6541729972386;"maille";1;598;0,776242657374451
"804";"35196";"Mordelles";"243500139";"35";"53";11,6361753998502;10,0758565626734;13,4381208281268;"commune";427;598;0,776242657374451
"804";"35080";"Cintré";"243500139";"35";"53";10,0836325799016;8,7247414321501;11,6541729972386;"maille";23;598;0,776242657374451
"804";"35065";"La Chapelle-Thouarault";"243500139";"35";"53";10,0836325799016;8,7247414321501;11,6541729972386;"maille";9;598;0,776242657374451
"804";"35331";"Talensac";"243500550";"35";"53";10,0836325799016;8,7247414321501;11,6541729972386;"maille";9;598;0,776242657374451
"844";"35134";"Les Iffs";"243500733";"35";"53";9,4478678823822;8,0294631663844;11,1168337998794;"maille";0;476;0,779156187933848
"844";"35276";"Saint-Gondran";"243500667";"35";"53";9,4478678823822;8,0294631663844;11,1168337998794;"maille";0;476;0,779156187933848
"844";"35258";"Saint-Brieuc-des-Iffs";"243500733";"35";"53";9,4478678823822;8,0294631663844;11,1168337998794;"maille";0;476;0,779156187933848
"844";"35193";"Montreuil-le-Gast";"243500667";"35";"53";9,4478678823822;8,0294631663844;11,1168337998794;"maille";3;476;0,779156187933848
"844";"35296";"Saint-Médard-sur-Ille";"243500667";"35";"53";9,4478678823822;8,0294631663844;11,1168337998794;"maille";25;476;0,779156187933848
"844";"35058";"La Chapelle-Chaussée";"243500139";"35";"53";9,4478678823822;8,0294631663844;11,1168337998794;"maille";7;476;0,779156187933848
"844";"35356";"Vignoc";"243500667";"35";"53";9,4478678823822;8,0294631663844;11,1168337998794;"maille";37;476;0,779156187933848
"844";"35128";"Guipel";"243500667";"35";"53";9,4478678823822;8,0294631663844;11,1168337998794;"maille";36;476;0,779156187933848
"844";"35120";"Gévezé";"243500139";"35";"53";11,089382739384;9,42285798045959;13,0506487305192;"commune";189;476;0,779156187933848
"844";"35007";"Aubigné";"243500667";"35";"53";9,4478678823822;8,0294631663844;11,1168337998794;"maille";7;476;0,779156187933848
"844";"35317";"Saint-Symphorien";"243500667";"35";"53";9,4478678823822;8,0294631663844;11,1168337998794;"maille";2;476;0,779156187933848
"844";"35130";"Hédé-Bazouges";"243500733";"35";"53";9,4478678823822;8,0294631663844;11,1168337998794;"maille";40;476;0,779156187933848
"844";"35177";"La Mézière";"243500667";"35";"53";10,985587512106;9,2986139314114;12,9786152943142;"commune";129;476;0,779156187933848
"844";"35050";"Cardroc";"243500733";"35";"53";9,4478678823822;8,0294631663844;11,1168337998794;"maille";1;476;0,779156187933848
"846";"35277";"Saint-Gonlay";"243500550";"35";"53";9,4554825263365;7,71582605431491;11,5873723923385;"maille";0;485;0,656049678392495
"846";"35027";"Boisgervilly";"200038990";"35";"53";9,4554825263365;7,71582605431491;11,5873723923385;"maille";8;485;0,656049678392495
"846";"35133";"Iffendic";"243500550";"35";"53";9,4554825263365;7,71582605431491;11,5873723923385;"maille";33;485;0,656049678392495
"846";"35091";"Le Crouais";"200038990";"35";"53";9,4554825263365;7,71582605431491;11,5873723923385;"maille";2;485;0,656049678392495
"846";"35319";"Saint-Thurial";"243500618";"35";"53";9,4554825263365;7,71582605431491;11,5873723923385;"maille";37;485;0,656049678392495
"846";"35295";"Saint-Maugan";"200038990";"35";"53";9,4554825263365;7,71582605431491;11,5873723923385;"maille";0;485;0,656049678392495
"846";"35302";"Saint-Onen-la-Chapelle";"200038990";"35";"53";9,4554825263365;7,71582605431491;11,5873723923385;"maille";1;485;0,656049678392495
"846";"35340";"Treffendel";"243500618";"35";"53";9,4554825263365;7,71582605431491;11,5873723923385;"maille";8;485;0,656049678392495
"846";"35037";"Bréal-sous-Montfort";"243500618";"35";"53";10,7529781160537;8,78065138414842;13,1683326561703;"commune";153;485;0,656049678392495
"846";"35188";"Montfort-sur-Meu";"243500550";"35";"53";10,879971559381;8,88516063597535;13,3226382710126;"commune";227;485;0,656049678392495
"846";"35320";"Saint-Uniac";"200038990";"35";"53";9,4554825263365;7,71582605431491;11,5873723923385;"maille";2;485;0,656049678392495
"846";"35305";"Saint-Péran";"243500618";"35";"53";9,4554825263365;7,71582605431491;11,5873723923385;"maille";1;485;0,656049678392495
"846";"35211";"Paimpont";"243500618";"35";"53";9,4554825263365;7,71582605431491;11,5873723923385;"maille";0;485;0,656049678392495
"870";"35350";"Vergéal";"200039022";"35";"53";7,14309658431843;5,69935022792102;8,95256946360951;"maille";1;1346;0,772394517291592
"870";"35185";"Montautour";"200039022";"35";"53";7,14309658431843;5,69935022792102;8,95256946360951;"maille";0;1346;0,772394517291592
"870";"35061";"La Chapelle-Erbrée";"200039022";"35";"53";7,14309658431843;5,69935022792102;8,95256946360951;"maille";2;1346;0,772394517291592
"870";"35360";"Vitré";"200039022";"35";"53";10,2304594420009;8,17079477056118;12,8093170044506;"commune";1046;1346;0,772394517291592
"870";"35109";"Étrelles";"200039022";"35";"53";7,14309658431843;5,69935022792102;8,95256946360951;"maille";92;1346;0,772394517291592
"870";"35300";"Saint-M'Hervé";"200039022";"35";"53";7,14309658431843;5,69935022792102;8,95256946360951;"maille";20;1346;0,772394517291592
"905";"35201";"Muel";"200038990";"35";"53";8,13426502520064;6,68391813100212;9,89932345121081;"maille";0;606;0,710027900912742
"905";"35026";"Bléruais";"200038990";"35";"53";8,13426502520064;6,68391813100212;9,89932345121081;"maille";0;606;0,710027900912742
"905";"35234";"Quédillac";"200038990";"35";"53";8,13426502520064;6,68391813100212;9,89932345121081;"maille";17;606;0,710027900912742
"905";"35117";"Gaël";"200038990";"35";"53";8,13426502520064;6,68391813100212;9,89932345121081;"maille";49;606;0,710027900912742
"905";"35184";"Montauban-de-Bretagne";"200038990";"35";"53";9,46793423156268;7,78136160842389;11,5200633416333;"commune";199;606;0,710027900912742
"905";"35297";"Saint-Méen-le-Grand";"200038990";"35";"53";8,55604231708577;7,03369820826477;10,407876193173;"commune";219;606;0,710027900912742
"905";"35290";"Saint-Malon-sur-Mel";"200038990";"35";"53";8,13426502520064;6,68391813100212;9,89932345121081;"maille";0;606;0,710027900912742
"964";"35046";"Les Brulais";"200043990";"35";"53";8,39929678106695;6,75424238443505;10,4450184641016;"maille";5;554;0,741835859276213
"964";"35268";"Saint-Ganton";"243500741";"35";"53";8,39929678106695;6,75424238443505;10,4450184641016;"maille";2;554;0,741835859276213
"964";"35328";"Sixt-sur-Aff";"243500741";"35";"53";8,39929678106695;6,75424238443505;10,4450184641016;"maille";10;554;0,741835859276213
"964";"35285";"Saint-Just";"243500741";"35";"53";8,39929678106695;6,75424238443505;10,4450184641016;"maille";4;554;0,741835859276213
"964";"35237";"Renac";"243500741";"35";"53";8,39929678106695;6,75424238443505;10,4450184641016;"maille";24;554;0,741835859276213
"964";"35311";"Saint-Séglin";"200043990";"35";"53";8,39929678106695;6,75424238443505;10,4450184641016;"maille";2;554;0,741835859276213
"964";"35045";"Bruc-sur-Aff";"243500741";"35";"53";8,39929678106695;6,75424238443505;10,4450184641016;"maille";12;554;0,741835859276213
"964";"35084";"Comblessac";"200043990";"35";"53";8,39929678106695;6,75424238443505;10,4450184641016;"maille";0;554;0,741835859276213
"975";"35220";"Piré-Chancé";"243500659";"35";"53";8,39605362174178;6,76648309508047;10,4180732337032;"maille";33;489;0,750201114006053
"975";"35108";"Essé";"243500634";"35";"53";8,39605362174178;6,76648309508047;10,4180732337032;"maille";3;489;0,750201114006053
"975";"35198";"Moulins";"200039022";"35";"53";8,39605362174178;6,76648309508047;10,4180732337032;"maille";9;489;0,750201114006053
"975";"35199";"Moussé";"200039022";"35";"53";8,39605362174178;6,76648309508047;10,4180732337032;"maille";3;489;0,750201114006053
"975";"35005";"Arbrissel";"243500634";"35";"53";8,39605362174178;6,76648309508047;10,4180732337032;"maille";0;489;0,750201114006053
"975";"35262";"Sainte-Colombe";"243500634";"35";"53";8,39605362174178;6,76648309508047;10,4180732337032;"maille";0;489;0,750201114006053
"975";"35343";"Tresbœuf";"200070662";"35";"53";8,39605362174178;6,76648309508047;10,4180732337032;"maille";17;489;0,750201114006053
"975";"35028";"Boistrudan";"243500634";"35";"53";8,39605362174178;6,76648309508047;10,4180732337032;"maille";1;489;0,750201114006053
"975";"35089";"La Couyère";"200070662";"35";"53";8,39605362174178;6,76648309508047;10,4180732337032;"maille";1;489;0,750201114006053
"975";"35359";"Visseiche";"200039022";"35";"53";8,39605362174178;6,76648309508047;10,4180732337032;"maille";8;489;0,750201114006053
"975";"35136";"Janzé";"243500634";"35";"53";10,5518141731238;8,49954546758638;13,0996160640286;"commune";379;489;0,750201114006053
"975";"35030";"La Bosse-de-Bretagne";"200070662";"35";"53";8,39605362174178;6,76648309508047;10,4180732337032;"maille";9;489;0,750201114006053
"975";"35322";"Le Sel-de-Bretagne";"200070662";"35";"53";8,39605362174178;6,76648309508047;10,4180732337032;"maille";3;489;0,750201114006053
"975";"35165";"Marcillé-Robert";"243500634";"35";"53";8,39605362174178;6,76648309508047;10,4180732337032;"maille";7;489;0,750201114006053
"975";"35333";"Le Theil-de-Bretagne";"243500634";"35";"53";8,39605362174178;6,76648309508047;10,4180732337032;"maille";7;489;0,750201114006053
"975";"35321";"Saulnières";"200070662";"35";"53";8,39605362174178;6,76648309508047;10,4180732337032;"maille";9;489;0,750201114006053