month,occupancy_pct,adr_eur,revenue_eur,nights_booked,period_year,published,source_page
1,31,95,1152,66830,2024,2025-04,2-3
2,26,91,1091,54408,2024,2025-04,2-3
3,37,93,1398,86238,2024,2025-04,2-3
4,42,99,1586,100618,2024,2025-04,2-3
5,46,106,1758,119570,2024,2025-04,2-3
6,44,103,1688,113667,2024,2025-04,2-3
7,54,124,2339,153130,2024,2025-04,2-3
8,67,129,2806,189861,2024,2025-04,2-3
9,47,104,1776,123685,2024,2025-04,2-3
10,41,101,1623,106079,2024,2025-04,2-3
11,34,95,1229,80188,2024,2025-04,2-3
12,36,105,1434,87198,2024,2025-04,2-3
